Unidad Territorial;Tasa total;Dimension total;0-39;40-49;50-59;60-69;+70;Mujer;Hombre;Cerebro;Cervix;Colorectal;Esofago;Estómago;Glándulas salivares;Hígado;Hipofaringe;Labio, cavidad oral;Laringe;Leucemia;Linfoma Hodgkin;Linfoma No-Hodgkin;Mama;Melanoma de piel;Mesotelioma;Mieloma Multiple;Nasofaringe;Orofaringe;Otros;Otros de piel;Ovario;Páncreas;Pene;Próstata;Pulmón;Riñón;Sarcoma Kaposi;Testículo;Tiroides;Utero;Vagina;Vejiga;Vesicula Biliar;Vulva
"León";"2424,1164112790652";"10864,3806909064";"237,710421936529";"508,699629736027";"1402,50675736732";"2591,24582470677";"6124,21805715979";"4639,32676635582";"6225,05392455062";"147,948821424787";"61,148216499648";"1590,41720750104";"33,8696573213698";"143,208368443946";"24,4196883699592";"80,4024253293068";"23,1644959069836";"193,191476797764";"116,95894106091";"208,141332887355";"47,7525796283222";"311,197804978673";"1577,26448201796";"227,487380280104";"9,10935309137085";"111,5284032669";"15,7530154659284";"43,8113063817943";"254,712987930286";"1457,357356706";"115,772373190146";"74,13953607346";"22,581913206939";"1802,27159331038";"443,00516720668";"309,035666751754";"11,1643354133437";"38,9235535091064";"197,017209962229";"309,110849900709";"5,40692280631272";"806,588698471744";"9,80829640930465";"40,7092734039284"
"Lugo";"2526,9233471751877";"8186,95368327942";"173,644714079704";"371,083313969031";"959,404637524354";"1810,26868708911";"4872,55233061722";"3426,65500166863";"4760,29868161079";"108,154063435257";"44,519897484703";"1205,59340760438";"24,9186208458354";"108,496688974974";"18,2779591149209";"59,5148606840697";"16,6796660601594";"145,167905679919";"85,8626113207032";"156,461489624867";"34,4974144907113";"230,329587338846";"1150,80172770319";"169,176168654606";"6,78149190746121";"84,2696968086636";"11,3707621333689";"31,3993895318872";"191,028247646627";"1163,18171207652";"84,3470160783209";"55,0792412210559";"17,3536821068268";"1364,44116666422";"326,206083839121";"229,72477331863";"8,44662195177732";"28,2198436637884";"141,753696823888";"225,809566943673";"4,04110395952407";"617,225487269605";"7,49406111059266";"30,3279692067152"
"Ciudad Real";"1918,3874655733568";"9415,56078428197";"315,421652744919";"563,920300053337";"1458,32704516974";"2312,57986331401";"4765,31192299997";"4119,83052464668";"5295,7302596353";"140,901419297969";"61,5989806047292";"1340,06918156078";"30,4019925563327";"121,527721218168";"21,6145985836554";"71,5582847838393";"21,6498627790415";"165,692154643348";"104,576388146568";"187,304423527068";"53,8194856969107";"283,87561542054";"1457,14068764007";"210,084015293306";"8,02248202644302";"94,8048710616284";"15,9372166162593";"40,0695018869671";"228,984342904699";"1115,88782679719";"108,268306860112";"65,0990568307821";"19,1306565958659";"1521,65350065263";"393,858599146353";"276,326932482171";"10,252429640423";"48,4973036039016";"201,335783403312";"275,65177461302";"4,69175933847422";"671,725696229841";"8,13598704573833";"35,4119447938451"
"Palmas, Las";"1673,8727371567961";"18904,634999812";"786,567386971492";"1518,09181556165";"3666,5523428144";"4945,54061424728";"7987,88284021721";"8374,18300834134";"10530,4519914707";"307,58059974866";"145,443177934172";"2596,95524281573";"65,0269603299135";"237,879423500954";"44,0285363391196";"149,372248349067";"48,9472013029504";"329,13087021048";"223,685707411488";"377,346849824175";"128,808491835534";"600,561644012383";"3149,02265287781";"450,295398704935";"16,7002906191726";"184,785126761963";"37,3772777925536";"87,9724050327071";"465,009772593324";"1815,59086203873";"234,844016739872";"133,259819638523";"37,8390676676423";"3055,7226252578";"830,754438493344";"579,092405569404";"21,5417108159335";"120,135111402939";"479,766933312832";"562,333892460001";"9,06592057847696";"1292,8663746337";"15,1632367358069";"70,728706469943"
"Segovia";"2108,57121785434";"3243,04579019651";"90,1145719432217";"177,35694783951";"480,727229930468";"783,375040052652";"1711,47200043065";"1354,93134205794";"1888,11444813856";"46,3677101906381";"19,3284274210688";"468,543450280492";"10,4936711092953";"42,3991060097864";"7,41077985894006";"24,6788448865594";"7,44804438065328";"57,7133289846386";"36,4210784771455";"63,6168450203066";"16,6970490566016";"95,2020251973296";"471,174457844581";"70,1181109413069";"2,74579770661373";"32,8249433509475";"5,23232167771004";"13,7413535304028";"77,8693282693855";"410,77924681512";"34,6347633534074";"22,1419667102179";"6,83906463577491";"542,866649870247";"135,099226476295";"94,7615961819206";"3,4800683308302";"14,4601122025806";"63,5986550315171";"89,1758809952012";"1,55994099890576";"238,935772896302";"2,80892000923941";"11,8772514945441"
"Asturias";"2320,448488101407";"23313,2210971665";"527,276130939558";"1273,16999924746";"3100,84682312897";"5873,56444657612";"12538,3636972744";"10365,2883263627";"12947,9327708038";"330,056053906887";"141,949096941706";"3371,46605643322";"73,8602155384432";"304,30177987938";"52,1338026596835";"173,959598449926";"51,0660671195337";"411,646151956754";"252,9974795933";"446,656877756048";"106,834963792286";"684,613703900615";"3599,9737259189";"498,110506275547";"20,0239358724295";"238,7944756397";"35,0375282707003";"97,0573230274586";"546,323982517927";"2861,55900601099";"266,229421035247";"162,714030795513";"46,6792084792751";"3821,23997356932";"970,416423939884";"670,148515327851";"23,8267682853346";"87,092823157743";"456,206250907387";"706,483443505485";"11,8123116989194";"1681,7390520971";"20,9751282129091";"89,2354146930766"
"Cáceres";"2163,462730245639";"8390,0166410291";"228,735374804598";"429,009181734939";"1223,12179954437";"2087,59193492038";"4421,5583500248";"3557,40346485286";"4832,61317617624";"119,478102051527";"50,0927797002694";"1212,49382163845";"27,0033344672334";"109,577639595325";"19,0979594385018";"63,6066430258397";"18,9956079404246";"148,827589123441";"93,6253665960316";"163,367658483735";"42,1504879068167";"246,12486261709";"1235,62553661639";"180,550894723574";"7,13312726936706";"85,3789707799258";"13,2755706646311";"35,5607093437267";"199,921849460451";"1052,79447224629";"91,281496331626";"57,6619108202466";"17,4796566736704";"1398,96044239896";"350,481130869775";"243,872077244479";"8,85653890511707";"35,9854475128303";"164,162307135913";"237,940751073858";"4,10626892564127";"616,339356404741";"7,35148956498724";"30,8547834782011"
"Ávila";"2345,429570441419";"3709,06232269606";"86,1964416185268";"174,324205728128";"487,568691193624";"878,236220056854";"2082,73676409893";"1495,79828470869";"2213,26403798738";"50,4706246786978";"20,2317501565601";"542,255591390228";"11,8427475224466";"48,9490988591455";"8,3544111760154";"27,9367628042373";"8,20841649043031";"65,92552400548";"41,2666923323862";"71,6792520377047";"16,9673779241229";"105,866335264792";"511,618389676177";"77,319190050519";"3,14353577528268";"37,954616848207";"5,53987931079429";"15,3330229086059";"87,4149984919502";"496,50169125402";"37,6157309048211";"25,1523683100062";"8,02427587058146";"640,338771735306";"153,378401174633";"106,786093257557";"3,88227977349632";"14,0285846920984";"66,4797010318434";"99,2443354844509";"1,74271039992629";"281,224973551908";"3,27413673158521";"13,1100508200471"
"Albacete";"1881,6009845788833";"7257,84302978659";"247,276497840406";"461,114953618845";"1166,87382774326";"1742,45132694309";"3640,12642364099";"3123,33021813475";"4134,51281165184";"109,277147982462";"47,945862782015";"1028,81413691822";"23,5749964631226";"93,4666774201661";"16,7062795563908";"55,3755942536938";"16,9330240980818";"127,336247568212";"81,2736382547573";"144,786681620901";"42,4403779500256";"219,390410091208";"1116,76375306647";"162,874979512057";"6,1808103570583";"72,6279259867611";"12,5485594650657";"30,9488935329651";"176,9388798413";"857,301929376483";"82,9010429780277";"49,9147350406449";"14,9850508767649";"1178,84574167556";"304,258144966644";"214,331718198044";"8,00182840208371";"38,7273930990783";"157,651039453005";"208,36595173193";"3,54012602168143";"519,760361868305";"6,18452493337974";"26,8685644440256"
"Ceuta";"1360,982790728383";"1131,20806616971";"62,7480742121459";"93,7932031527987";"219,356362764271";"323,181231421586";"432,129194618912";"503,56395386088";"627,644112308834";"19,6964092938892";"9,01762534394693";"153,203872619764";"3,95528003418808";"14,069900091118";"2,69220885038757";"9,11776171909265";"3,0165116275547";"19,726379859041";"13,6000379084298";"24,4248645723074";"9,18593651332547";"37,0424397968139";"188,125346806757";"27,8514767002307";"1,00089471901829";"10,9421898671555";"2,41620368271448";"5,44263048078916";"29,6572794371827";"101,718800111798";"14,2116803640906";"7,97711799250103";"2,23733462598693";"180,302798750249";"49,9794022047485";"35,3536558546666";"1,35155349628349";"8,77621677400995";"30,2665089128856";"33,375741570021";"0,547662790617524";"75,8329322748758";"0,883606398011685";"4,20780412526033"
"Huesca";"2059,1835261717674";"4642,55281076582";"136,390787842454";"267,815449718445";"655,908833861361";"1103,59161857215";"2478,84612077141";"1926,00342093637";"2716,54938982944";"66,8025660970836";"27,8720246220628";"669,02970211838";"14,9668369826128";"60,5854331148347";"10,5764021905593";"35,1792629072057";"10,5609768895621";"82,2415390475767";"51,6779443162769";"91,6515885181689";"24,6016630213242";"136,862636174871";"671,513196728525";"100,871340620577";"3,9542586201531";"46,9241588461184";"7,5744912325985";"19,4091571771683";"111,988682616948";"590,295958289976";"49,5540160712381";"31,6454288257104";"9,85139330985649";"776,950481670534";"192,280380919343";"135,705921171279";"5,09868214685741";"22,3091320471544";"91,6969853108485";"127,269969120248";"2,2013091062447";"342,053372271913";"4,01827068705021";"16,7776479749552"
"Alicante/Alacant";"1897,9502359552089";"36091,3078099101";"1210,36855261742";"2363,50800398506";"5525,3736815358";"9078,88096234779";"17913,1766094241";"15502,0152984871";"20589,2925114231";"546,642301962284";"242,004321371984";"5085,46432800712";"119,279770791384";"463,126646055913";"81,7648061530055";"277,504598911397";"85,3017162829117";"628,04975561123";"409,958821425315";"716,284219328692";"207,756092496506";"1095,7985168459";"5608,3489702908";"805,703441435293";"31,8393118862399";"362,439443198381";"62,0304260705574";"157,81336993245";"870,688325421304";"3972,62669949679";"419,709581457224";"252,518439773401";"74,0867111131838";"6059,03801367334";"1547,25181993147";"1071,33242719117";"39,1695496758224";"185,390866575314";"794,289291362534";"1058,57402227417";"17,2897331217216";"2580,67100584206";"30,8369715120556";"130,723493431224"
"Coruña, A";"2208,584236150539";"24718,0330541496";"635,277282883953";"1442,28224182359";"3298,19824842504";"5694,31638439413";"13647,9588966229";"10923,0309215449";"13795,0021326046";"351,119651532015";"154,197771979769";"3563,53473441693";"77,1614453315469";"322,348875276209";"55,4409400276933";"182,674993822113";"53,1147556542139";"434,556629525033";"263,243280747879";"479,253329899507";"119,842253252156";"725,151941503391";"3799,37740223107";"533,661110596088";"20,9585636910961";"251,801176022406";"37,6803695832487";"99,1597930632965";"584,760184456334";"3115,78103151999";"280,469289297089";"170,501099563437";"50,0651467823885";"4010,96241082029";"1010,23625226741";"708,166197538081";"25,8696718773073";"101,620597323587";"491,42521914791";"731,025430708442";"12,5770195042069";"1783,1250922699";"22,2684395529145";"94,9009533646433"
"Santa Cruz de Tenerife";"1771,5094944379218";"18570,8403207624";"717,0386532319";"1396,2635560344";"3284,32017314803";"4718,55543931502";"8454,66249903306";"8276,54194022256";"10294,2983805398";"292,98173978263";"137,544809689745";"2578,36855554679";"62,082640720176";"235,433481575392";"42,8318485559118";"143,664652103591";"45,6462651940564";"323,217296110043";"212,823920452188";"368,08998930625";"118,479905653705";"579,161260335962";"3053,07353438787";"433,274161373402";"16,2255961544793";"183,349460004599";"34,5559693782093";"82,9056862405067";"452,419731505385";"1919,75664574003";"227,588574414709";"130,157786803226";"37,0871911020576";"2989,41321673046";"799,528278476675";"558,123555997091";"20,7197759128606";"109,000221737879";"449,129004353705";"556,028356406994";"9,10757272330895";"1283,39422927551";"15,4022389637781";"70,2731680532295"
"Palencia";"2333,3942866713396";"3686,94964448365";"86,387021684775";"174,010320826496";"491,390340462113";"957,290769084283";"1977,87119242598";"1542,58386192885";"2144,36578255479";"51,2704640557954";"20,8293343880591";"536,622091862244";"11,9563400144576";"48,4257342147783";"8,28771470576847";"27,9902945903545";"8,32409445771704";"65,6672378170327";"41,5041043693868";"70,8738174824134";"16,9936984274376";"106,870655940946";"530,168676876747";"77,4929243397186";"3,19398007710375";"37,7872280712431";"5,59376163007497";"15,8321673759784";"86,6304897909448";"461,642287361353";"39,1342909684686";"25,4999073314535";"7,70351600418202";"635,116896602768";"155,556279125771";"106,829916521792";"3,80966614845389";"14,0590518656306";"68,4547347866266";"104,094645696886";"1,77276778505712";"274,343384596382";"3,25954676755217";"13,3579424330686"
"Zamora";"2661,083793613468";"4449,73126549076";"83,2238486990435";"174,007546017389";"512,733376331782";"994,925017691019";"2684,84147675153";"1800,69285482429";"2649,03841066647";"57,5681279378256";"22,3834580230598";"660,362064449752";"13,7087102916193";"59,3843285068973";"9,9332447227899";"32,7094730576155";"9,180877576193";"79,3816198577715";"47,6061818657225";"84,5640997732407";"17,8229019300268";"123,743629665157";"597,879622655452";"90,0542376251376";"3,70998621783674";"46,12803694169";"6,05343581577778";"17,3699684923079";"103,222419114341";"641,273868927645";"43,8297507607201";"29,9423761879757";"9,65125319317425";"763,238327452171";"179,088037304531";"125,169162191984";"4,5518510222708";"14,1673986245517";"72,5070072104972";"119,349012320709";"2,13365407129375";"342,06134531537";"4,07626434710334";"15,9255320405504"
"Barcelona";"1784,0525522124478";"102183,661588403";"3881,96388153292";"7397,38919398665";"15724,22485224";"23973,5706280987";"51206,5130325445";"46217,1289074114";"55966,5326809914";"1577,18498228325";"728,766662254977";"14357,0672975639";"327,012442506263";"1306,47126767264";"234,016463004407";"768,667520150121";"233,339306954674";"1782,43039588746";"1109,24085661315";"2056,92238319407";"631,254323090668";"3136,29741258628";"16557,3989855598";"2349,16656763065";"87,1703378931337";"1017,35700879547";"179,45827738993";"425,150620705375";"2511,97304706703";"11666,1641559255";"1231,7260237484";"708,257454171942";"202,424180603384";"16043,1533826858";"4228,17259760934";"3002,92723307529";"113,868947201923";"581,693233869888";"2344,11502765371";"3060,18761336134";"51,8765984717597";"7087,13064326073";"88,1611007544072";"397,457237206153"
"Murcia";"1601,5095520365394";"24533,1724955463";"1069,39327638444";"1938,25832596413";"4222,39136936536";"6032,5953837862";"11270,5341400461";"10895,8874434415";"13637,2850521048";"396,818292515392";"182,806803127442";"3395,10907816969";"81,373766759826";"310,434701407648";"56,9548593141715";"189,652085621451";"59,8290642048932";"427,054364564229";"277,563759997457";"507,000113012708";"168,730983134273";"771,883099658208";"3996,27951774814";"579,211463502863";"21,1936338059917";"240,985708192952";"46,8589994864598";"107,545701561475";"617,698034055586";"2594,43604317149";"298,326436771475";"170,410395697288";"49,2022416330772";"3885,14537975121";"1039,51048746164";"740,458711124451";"28,3614231321241";"160,329168139188";"598,943040446575";"720,59017200524";"12,0866216226932";"1687,15818473369";"20,2671362677476";"92,9630237475446"
"Soria";"2293,9456443646764";"2027,32034212017";"49,9413981699108";"96,4851357618521";"269,227028686272";"460,360011689268";"1151,30676781286";"812,900704055714";"1214,41963806445";"27,5750068682094";"11,0115851878039";"296,974342326093";"6,4186645637926";"26,7975382666032";"4,60748079188128";"15,2038097190387";"4,45631919751144";"36,1527734450892";"22,3785832884484";"39,4413725678757";"9,53950258746612";"57,7854285994887";"276,307734422004";"42,506717357819";"1,69388018025421";"20,665992286516";"3,06354886995551";"8,23454360924749";"48,1808634531769";"279,81566008804";"20,237296948285";"13,6016523730994";"4,42875133106675";"345,77718144516";"82,7525338337814";"58,287690223439";"2,15847562483511";"8,09905512629908";"36,1970007257272";"53,0592166630093";"0,947654937152528";"153,984827406288";"1,78146362923277";"7,19619417647823"
"Cantabria";"2065,316141476404";"12090,4019985257";"339,720491836862";"756,731779524796";"1748,19717502181";"3096,94456211818";"6148,80799002406";"5356,6243337404";"6733,77766478531";"178,174027779582";"78,5442013680953";"1725,08425302728";"39,1035820021892";"156,296324389146";"27,2845072883122";"91,4672558258924";"27,6570180186902";"212,697903610502";"134,073422012857";"236,166694826527";"62,9545741574202";"362,348622781955";"1896,34387000285";"265,940932775953";"10,450809166771";"122,145982845036";"19,6179930961806";"51,7883560064652";"288,720058767078";"1406,76484116848";"140,440469370099";"84,3412869271304";"24,2085428451155";"1978,91831110249";"509,058648612997";"353,319414058271";"12,7741969115344";"53,9790091316297";"254,213810665649";"361,644659879438";"6,02942514709628";"861,25071557388";"10,5442167857822";"46,0540605973414"
"Castellón/Castelló";"1862,0505907243282";"10997,5687169124";"372,301637664337";"763,266232853166";"1720,3281604955";"2675,33781223698";"5466,3348736624";"4760,94867306988";"6236,6200438425";"167,341980480514";"74,6757700542962";"1551,48198151576";"36,1047041240217";"141,296499574002";"25,0847870660056";"84,3169833370906";"26,0032105361691";"192,486691253892";"123,840290528757";"219,713161389547";"64,3993657920847";"334,711578217594";"1716,12251920355";"247,921734399165";"9,52475078412901";"109,947119724044";"19,1583003275558";"47,4324252983665";"267,818664206897";"1245,84403904437";"127,568264690617";"76,3424415494178";"22,5330577399179";"1805,08223558085";"465,084378519234";"326,656386478347";"12,1126370940671";"57,8702559309765";"243,80086598412";"318,390190097815";"5,34359197154642";"781,383812938948";"9,36568871950555";"40,8083527592157"
"Bizkaia";"2095,2687905104044";"24081,8461276039";"662,284616676875";"1420,09622704327";"3479,41560770019";"5906,92142015147";"12613,1282560321";"10770,4432485368";"13311,4028790671";"352,039804852158";"153,766945045887";"3453,157396968";"76,7341326104539";"312,529080650809";"54,5010892992292";"180,914785082154";"53,8069290041026";"424,534427286433";"262,522590008467";"470,971882045627";"123,164567365928";"718,15054100328";"3774,10889185036";"526,915261439284";"20,578599229895";"244,646249424494";"38,2974897435617";"100,716877428177";"575,295536867298";"2885,37129954416";"279,549404745976";"167,792942524373";"48,0824204721964";"3886,25112560674";"1002,61285379261";"699,061128635425";"25,2582816308378";"104,817475019665";"496,519763907069";"727,128178434027";"12,2882594710415";"1715,60562569783";"21,384060467969";"92,7702304483968"
"Huelva";"1701,3686131409233";"8996,20771990234";"364,744110840796";"694,55918531308";"1520,91950689285";"2240,70990623269";"4175,27501062293";"3994,88233994858";"5001,32537995376";"142,589551184823";"66,6170770883277";"1247,91353325778";"29,8846038113527";"114,039944541753";"20,7043462515795";"69,3334360868722";"21,8660820487402";"156,388651395348";"102,230809454277";"181,779002456437";"58,6208974440946";"280,270195485178";"1467,7771971265";"209,828101587375";"7,84607859921488";"88,642540674414";"16,7224163623126";"39,6504064209405";"222,086691754197";"942,430277782649";"109,194848098111";"62,7105792035772";"17,973666611006";"1450,80225345152";"383,902740818157";"269,788327368273";"10,1558796061856";"54,8938617660349";"216,51969870447";"264,956043484061";"4,4302805245028";"622,0117489425";"7,47137787384015";"34,1745726359353"
"Girona";"1754,7894203960916";"13923,8679971705";"530,000595501595";"999,470646552191";"2193,62122596";"3503,03298879948";"6697,7425403572";"6020,88551885412";"7902,98247831634";"216,184208855084";"96,7031375321869";"1952,78946857651";"46,162424300715";"177,981517702349";"31,914845175775";"107,366498418507";"33,4610072349046";"243,576924452495";"158,256778303256";"281,909893814983";"87,1307830898697";"428,223459937419";"2177,50779334908";"318,322637617715";"12,1328358963796";"138,270862543424";"25,1192423095968";"61,0520136643308";"343,537909235207";"1535,61955914989";"162,254448823795";"96,6753309238611";"28,4416331853885";"2288,77666992645";"591,66358599066";"416,201886767132";"15,6654170983598";"80,4714177223685";"317,108612293482";"400,589659961227";"6,67560784242972";"983,006039792772";"11,6658398495049";"51,4480458333524"
"Rioja, La";"1973,011062779341";"6311,50454894609";"195,700516112513";"402,065649625418";"918,461726548923";"1529,00332452682";"3266,27333213242";"2712,3397618039";"3599,16478714219";"93,1007961442881";"40,6902570202072";"900,142096497472";"20,4053834972374";"81,70571669097";"14,3386183665777";"47,8245530736076";"14,4800911926758";"111,020001553803";"70,1229928565207";"125,173051466345";"34,5381038367962";"188,58189237888";"959,581961131661";"139,397003400681";"5,41302825812458";"63,4585026065148";"10,4596966326886";"26,6444727327574";"152,551149614164";"757,451952693407";"71,0190117954792";"43,4622843422677";"13,0221725387734";"1041,97298201432";"263,47474541465";"185,04963973533";"6,83581804481609";"30,2667393653494";"132,306929670412";"180,092613472798";"3,07684483037535";"454,91220201582";"5,45242914259584";"23,4788149177266"
"Málaga";"1747,3256104839463";"30010,3872530862";"1170,60786812494";"2215,93057974211";"5001,53284877701";"7611,51860301241";"14010,7973534298";"13258,5690841054";"16751,8181689808";"471,663446504313";"219,610341443978";"4164,98491976103";"99,7139174328098";"380,365279573746";"68,5501810875148";"231,2194479185";"72,4477112345896";"518,742339678575";"341,763605531331";"602,865789319617";"188,561658862872";"930,050206829435";"4883,48533003762";"692,215176131989";"26,4461977825702";"297,007990490104";"54,4321480221414";"132,740534704501";"733,527202057936";"3110,047562455";"365,363588556684";"210,236286217626";"60,1942560672126";"4910,02415252062";"1290,6634616818";"897,726851294549";"33,1141481158688";"170,465659800804";"714,748119737166";"896,232031584756";"14,6296371310267";"2089,64164609602";"25,0687244055089";"111,837703016409"
"Araba/Álava";"1982,6411945861123";"6630,19007163931";"202,243895485407";"423,952272069828";"978,894718526173";"1597,54710400445";"3427,55208155346";"2870,92334548825";"3759,26672615106";"98,3299052732859";"43,101597530065";"943,131376869943";"21,4673349777812";"85,6546756746811";"15,0124678086115";"50,2856389843117";"15,2041499002272";"116,137764557933";"73,6055297188488";"131,294438454409";"35,8510567516945";"198,816122476295";"1022,14518273199";"146,315070133686";"5,74339736903112";"66,7547037571446";"10,9647126120872";"28,0451766631941";"159,627163702897";"776,439879193651";"75,8616282717237";"45,9882996880027";"13,5996658432002";"1096,064176637";"278,495847649419";"194,713605348319";"7,13439020745351";"31,4431789882883";"140,256221428172";"193,284938832731";"3,23840176632207";"475,816864081341";"5,75285388984978";"24,6126538657306"
"Cuenca";"2125,331438822078";"4148,96576829652";"119,154017387621";"214,141011333957";"593,504196690866";"951,635412267977";"2270,5311306161";"1716,48455706674";"2432,48121122978";"58,5709638953487";"24,2960671275681";"601,413202309194";"13,1795967859745";"54,3828745941481";"9,48302192984219";"31,2374859555458";"9,23493463880471";"73,6217623131778";"45,6910368382246";"81,4087375144796";"21,4448739447661";"120,899644665618";"592,340827414592";"89,3933567578241";"3,46445138066956";"42,1481944481108";"6,59555361620271";"17,0142778663794";"99,6419745408358";"548,734008329889";"43,7230441511835";"28,0796727084749";"8,85098028093135";"688,615229764886";"170,049337673356";"120,223553106269";"4,49025922948907";"18,948209074299";"79,7942675262707";"113,048219164013";"1,99777183514929";"308,291954431394";"3,63439569404995";"15,0220267895624"
"Valencia/València";"1826,9160622529919";"47604,9931762817";"1672,79006866492";"3371,33349533177";"7572,86274660789";"11728,0416855562";"23259,9651801209";"21364,6667491513";"26240,3264271303";"735,202344249867";"334,561244518964";"6690,61766915485";"155,149323002126";"609,214173619156";"108,821035030727";"363,197550269799";"111,58390629928";"832,041590224347";"529,068583361073";"952,057828761487";"285,130729492146";"1463,27220036688";"7699,378791836";"1085,96270238178";"41,0985018392222";"475,962181153719";"83,5017557849273";"204,580081383061";"1162,46196604809";"5260,55837548239";"573,554229057048";"332,857610474938";"94,7089480413038";"7606,19138591008";"2008,01200388018";"1411,2781652569";"52,256298325907";"257,328617336536";"1085,89061380018";"1435,27177701967";"23,9722341130212";"3316,81927566958";"40,9186481067612";"182,510835029673"
"Almería";"1553,8345641487088";"11506,673251273";"541,77272227408";"931,504396170556";"1991,14043463402";"3010,75684815772";"5031,49885003662";"5035,77607400087";"6470,89717727213";"189,353210374306";"86,981015435711";"1580,29619445837";"39,0743861794298";"144,726134919294";"26,7742636897279";"90,1036708927978";"28,9491254716593";"199,874362878856";"133,497903399556";"238,350357482351";"82,8728969069093";"366,384250829779";"1867,96362425635";"274,36932254569";"10,1874073390096";"112,528072173733";"22,8908581443738";"52,2856410775928";"290,957691707531";"1147,87738186818";"139,922169634597";"80,3848526391221";"23,1607490005673";"1862,20112744935";"496,559852270425";"351,328907673035";"13,6709649341292";"82,8321836901924";"287,5307025644";"335,191669877972";"5,50510223261709";"790,242938365957";"9,29107033085286";"42,5531885785731"
"Toledo";"1753,7201356685164";"12511,9689195311";"476,590520862213";"914,451471023901";"1985,4875024175";"3008,065842336";"6127,37358289146";"5381,74917428617";"7130,21974524491";"193,009574575455";"86,6250851192493";"1759,11826728668";"41,0069409766326";"160,285060083174";"28,8002297296737";"95,8171883304132";"29,7478162992343";"219,372202789221";"140,656817774183";"254,212001866998";"77,9857550958894";"382,953345653022";"1939,97262264072";"286,46774755194";"10,714167828855";"123,892204115828";"22,5178282005304";"53,6525432730125";"310,033487332866";"1443,52263275885";"143,70755221892";"85,81768974099";"25,7978399485193";"2029,06277410496";"523,376851698571";"372,829688831849";"14,2260490948078";"72,5483087769609";"282,83472800827";"351,823058728954";"6,04836374047071";"886,416786401773";"10,4712720027356";"46,6444369508647"
"Madrid";"1730,6623432261595";"116825,523193239";"4668,9008822762";"8930,40788840362";"19107,5330963573";"27591,7649170512";"56526,916409151";"54402,8988092542";"62422,6243839852";"1835,55587082362";"881,464861305001";"16263,7607567195";"372,061643089266";"1480,94286051344";"268,403149754355";"874,422721506127";"267,227875906393";"2024,00151786555";"1259,83877787526";"2355,23922963229";"742,528513938998";"3621,65865759772";"19716,0307122129";"2732,33154422166";"99,0837968903237";"1153,10673216995";"208,576568688324";"486,317374640515";"2877,82503237359";"12903,531033013";"1465,97343919807";"810,736817687715";"225,659137164968";"17851,4922884347";"4833,30092961238";"3430,69710103683";"129,408255372933";"675,851108697997";"2812,45744346403";"3599,30757517262";"60,6328035860223";"7939,0266514037";"99,8414205472964";"467,228991122427"
"Jaén";"1884,8026347653029";"11756,6637626384";"404,908233021074";"688,970859836625";"1903,37492134948";"3009,29243002217";"5750,11731840907";"5164,60377522528";"6592,05998741313";"177,836030389729";"77,6295373437991";"1668,82330789153";"38,2805051876615";"151,314005074438";"27,1072915897785";"89,9638514382565";"27,4545119860077";"206,951679908195";"131,932471114988";"234,220520353536";"68,7503406796959";"356,694216846889";"1833,46968829681";"263,803658752884";"10,0304260725065";"118,275618153783";"20,2433848240367";"50,9893491297392";"286,633522744145";"1362,69589624795";"136,631365652156";"81,6006252272162";"23,7663089358458";"1895,54125180689";"496,166467552051";"346,814803872883";"12,7666340701241";"61,6321139703585";"255,535438887138";"347,766483676075";"5,86546706451657";"835,249151940445";"10,0969075447979";"44,1309284115504"
"Valladolid";"2133,1099911462525";"11048,9764766398";"289,847710031013";"658,769519364827";"1562,07278561405";"2634,98428912338";"5903,30217250652";"4782,62670040929";"6266,34977623051";"159,56029602132";"69,0235934826149";"1584,23744210975";"35,4193768581578";"143,602529021791";"24,840509819336";"83,2010757923947";"24,8043166597646";"193,866195571429";"121,58205460659";"215,440054812343";"55,3456011808895";"326,764105628115";"1686,75578306778";"239,200067402438";"9,53101296216915";"112,153436904902";"17,4219699994614";"46,129066543392";"262,26171921978";"1331,69300827753";"124,974990186774";"76,6689577568924";"22,6611792220301";"1835,94237338745";"462,188022545994";"321,230517609498";"11,5938998521515";"46,7442524078209";"223,980670733542";"323,793458650662";"5,44321857999216";"800,070911758861";"9,74985062690234";"41,1009573792685"
"Lleida";"1843,7071574039774";"8138,91618685884";"283,236396570994";"546,729528125096";"1239,46357417439";"1980,28074627075";"4089,2059417176";"3466,4419794138";"4672,47420744504";"123,51762380234";"52,9910184139605";"1157,0577458671";"26,7687651881319";"105,192467704597";"18,7383327135751";"62,6236237307231";"19,3104188468427";"144,137863337147";"91,8306072199746";"164,007141436482";"48,5281690359643";"247,487328643228";"1229,24641504657";"183,25457935084";"6,99240988944444";"81,5531359193472";"14,3687083317611";"35,0572681607877";"200,588319292345";"962,226170020111";"91,1070078622809";"56,1212984853361";"16,9159884543442";"1333,42602637956";"341,114172137595";"242,446037054301";"9,22897860216434";"45,6551307791907";"174,898326389922";"228,789192869989";"3,91356934335291";"582,911916290602";"6,92092792816817";"29,9895023307716"
"Gipuzkoa";"2043,849269855843";"14806,0120037043";"422,588437586182";"880,750756611676";"2102,05773107911";"3562,35664359613";"7838,25843483123";"6479,70186722494";"8326,31013647939";"216,84457279263";"93,288326650993";"2121,55257311116";"47,6350945857684";"192,378323322386";"33,4559880044084";"112,05329732702";"33,4642889156011";"260,818679401032";"163,204497738236";"292,00233068272";"77,5714386008501";"441,018468788779";"2272,75975504257";"322,970951294061";"12,7781956830665";"150,434470568986";"23,7561118218932";"62,3029967148123";"355,300019482545";"1760,44319364898";"168,696253490961";"103,192811109512";"30,0659009513657";"2444,06893545362";"620,057773678203";"431,922409928635";"15,6419019257649";"66,1334820965616";"303,370300937661";"436,858014111788";"7,39223599599471";"1063,79448493476";"13,1027281560774";"55,6811967549198"
"Tarragona";"1820,8763979748094";"15114,6397604894";"536,29466002704";"1060,66565050733";"2296,97055026644";"3719,03810233897";"7501,67079734958";"6507,41565961957";"8607,22410086979";"231,053401188925";"102,558570218127";"2129,5968519314";"49,7064421336741";"193,945417521022";"34,4390037871986";"115,874729785151";"35,7308414500203";"264,266795100287";"170,299838532764";"304,11374797368";"90,4499334304065";"460,789732939576";"2343,05193193052";"341,361588405287";"13,1620145075502";"150,811972056287";"26,4981680313549";"65,2890984689118";"370,025312783363";"1706,23048230749";"174,495317788249";"104,847764750622";"31,0391138609795";"2496,28214861393";"639,182603953273";"449,290693122151";"16,8062202426156";"82,3045180214684";"335,60143961938";"434,840468520294";"7,25458448300645";"1074,99134884045";"12,8206471166958";"55,6270170732425"
"Ourense";"2619,395968703306";"7970,29805357042";"156,661381746285";"339,583124755772";"865,173108269373";"1670,91786055326";"4937,96257824573";"3359,3564651417";"4610,94158842871";"103,619348775067";"42,1406630285615";"1179,6952211802";"23,8611260150838";"106,083273439607";"17,7009926095343";"57,3388881848442";"15,6827102541495";"141,241435792695";"81,8666894506915";"151,970181430419";"32,1343352097092";"222,218149026608";"1115,80398339278";"162,668993740756";"6,58985234024019";"82,6063308210609";"10,605569797382";"29,6689650372791";"185,045712455765";"1154,61745454924";"81,8623491283598";"53,6948059637415";"16,8466237887892";"1326,19890811798";"314,345636949139";"221,312085358071";"8,11611602225187";"25,6448179494383";"133,293801527175";"222,282583875772";"3,99682853881964";"602,390548357812";"7,44719054338475";"29,7058809180103"
"Salamanca";"2365,0983508641875";"7707,80822349937";"178,636738731372";"356,308580232366";"1007,05032976186";"1752,39499296402";"4413,41758180975";"3264,3522933242";"4443,45593017517";"104,858999825463";"43,4769643077549";"1126,90682383272";"23,8147405088752";"101,514001099287";"17,3595397729644";"56,7782542263009";"16,2278265290284";"136,368801831726";"82,2912954906384";"148,598650196945";"34,7949098685282";"220,113719381685";"1111,74777139111";"161,579857759025";"6,41842403865337";"78,9764810693362";"11,1742567003528";"30,4965284605333";"181,290203634265";"1049,59142443292";"81,7701140939373";"52,2751891196772";"16,183473302843";"1275,35597260321";"312,087298276186";"218,468434130116";"7,94696797552392";"28,2701927111716";"140,182762717767";"217,211007519716";"3,81340814472697";"574,326444013672";"6,95457629709796";"28,5829082356173"
"Guadalajara";"1668,270390796134";"4473,08335072995";"180,210292914751";"368,154438601775";"773,370939217586";"1094,77741979321";"2056,57026020263";"1922,43754491284";"2550,64580581711";"70,9116709438481";"32,4582207633542";"623,158418157308";"14,9314688543814";"56,9172804182934";"10,415878173089";"34,6767652316047";"11,1039610029668";"78,5732443392657";"51,3033967045231";"91,4450129746421";"29,5326406963407";"139,20563728404";"705,165204498786";"104,949644204393";"3,81976562331892";"43,6578048082646";"8,532857205577";"19,6720697864186";"112,059039055878";"499,031685856677";"52,0042185457123";"30,5848261783342";"9,24789254461971";"716,628570755239";"188,519491713263";"135,397687006871";"5,22444454025612";"28,0328629993686";"106,402221034009";"123,946167103948";"2,12075700138128";"313,060910648256";"3,61654842550275";"16,7750856502199"
"Badajoz";"1895,0352813846478";"12639,335766604";"434,300270536434";"777,69806918217";"2011,83859561864";"3123,49075184134";"6292,00807942541";"5485,93349069393";"7153,40227591006";"190,29024552374";"83,916347687275";"1791,56926108082";"41,3696708297311";"162,753365746129";"28,9896824801248";"96,8638038744384";"29,6805355715585";"222,004979801708";"142,650263694226";"251,430370373394";"73,2175898341602";"382,148901794828";"1957,19517580785";"282,878743524749";"10,8911087405623";"126,880104773322";"21,7130047195776";"54,7863945756722";"307,005087479481";"1452,60135038239";"145,471005254465";"87,6831042321638";"25,7816902782887";"2074,9574647346";"534,919813020348";"373,119921744099";"13,7414061660941";"65,1985911958984";"274,701171302477";"366,948351317363";"6,21918230765916";"901,91824344089";"10,8076772092148";"47,0321561046871"
"Cádiz";"1718,4003336819696";"21424,6888642834";"832,036216005328";"1583,33472832641";"3709,14653901872";"5671,50876886528";"9628,66261206769";"9550,46556845686";"11874,2232958266";"341,307306769862";"157,309077716327";"2970,68989636097";"72,0731561998019";"271,318168866181";"49,2706854157737";"166,913463471993";"52,9228475085872";"372,360447633002";"247,336645164904";"431,908065549442";"136,832255081921";"669,82922432676";"3520,38447612171";"496,776626760799";"18,8987763492321";"212,200016803737";"39,6599903777999";"97,0815448951839";"526,677763273123";"2156,30901148588";"263,232573105112";"151,069755906896";"42,5955891636457";"3483,99854728213";"930,386239406414";"646,149806163713";"23,6731157992342";"123,981941365116";"515,465018284812";"647,072504055559";"10,5534823364559";"1480,11008593828";"17,8043168578833";"80,5364424851859"
"Pontevedra";"2076,779992648325";"19584,3468476726";"554,24032854605";"1254,87510160557";"2738,07324054567";"4611,0208371699";"10426,1373398054";"8736,99056221027";"10847,3562854623";"286,111840499133";"127,839238395082";"2800,12184049266";"61,9880917396429";"253,887854640717";"44,1437814365411";"146,02731303962";"43,3031759366015";"343,839275390951";"211,048420047296";"382,813805267269";"101,93290661416";"583,859429882715";"3074,69107320722";"431,031560372711";"16,7244946642569";"198,205885797543";"31,3089034747495";"80,2389686301662";"467,630556448183";"2362,63196346721";"227,394970631045";"135,819159475072";"39,2859046949893";"3158,50697940405";"808,124509791181";"567,144825727197";"20,8188954535493";"88,6423310362873";"408,888750887024";"584,146200372036";"9,94906509155853";"1393,1697579057";"17,402747961412";"75,672369797044"
"Balears, Illes";"1622,5936207902203";"19092,393872454";"869,268274206106";"1565,70180047346";"3278,65497291947";"4748,5201992074";"8630,24862564755";"8489,77010061595";"10602,623771838";"309,179880110903";"146,835248495467";"2629,49999760558";"63,8565406590902";"240,748022107424";"44,2235908980346";"147,600332704816";"47,0620381979571";"331,655537922606";"217,380922319151";"388,445660440926";"133,086928967686";"603,494448863933";"3138,74435340259";"455,580623966616";"16,7209645128783";"186,78815443426";"37,1526058360555";"84,4936097881701";"476,066380725616";"1957,49149137243";"234,460455189739";"133,054772122038";"38,1464344547737";"3046,46148318698";"813,937802835565";"577,430584406509";"22,3157378777383";"128,835270419421";"477,708897651125";"560,198779964151";"9,29544842452753";"1306,50644544688";"15,6377249863253";"72,2967021560239"
"Zaragoza";"1961,1034445769517";"18952,8489077006";"596,621974985201";"1211,598273815";"2792,12184323545";"4497,29686292663";"9855,20995273829";"8375,15729474652";"10577,691612954";"281,55492623261";"124,621990867533";"2701,50297128646";"60,5380794184913";"245,050497114741";"43,1449312738423";"142,705466919419";"42,7924383356956";"333,130859481161";"206,898527733616";"376,079193304446";"104,540141190655";"569,224038747514";"2956,68599952175";"421,344883069769";"16,1372638663478";"190,94239112168";"31,3763695072881";"78,8064414637482";"458,852721376247";"2271,34973565457";"219,066979088459";"131,089644744721";"38,3315520626958";"3048,85503427471";"785,222089019072";"553,377470665013";"20,4813867086738";"92,2687890661911";"402,584692287725";"558,112777025142";"9,51323871811275";"1347,73388398218";"16,5860258332244";"72,345476737055"
"Melilla";"1254,9520096230362";"1068,84262659594";"66,6875336277826";"89,3123937848435";"211,128077250279";"322,570432114645";"379,144189818393";"476,484147967626";"592,358478628317";"19,1156238050274";"8,8619332647307";"143,09672569815";"3,76983431786278";"13,1596205943075";"2,55593811271631";"8,69446827917177";"2,89678520148058";"18,5304529825001";"13,0149434980474";"23,7979903969472";"9,29555670642456";"35,3601421849452";"179,263082341501";"26,7154791324882";"0,948222541303325";"10,2405419061825";"2,35212784829236";"5,26654980681214";"28,6738657639483";"90,9692762254369";"13,5893093083598";"7,52510359159188";"2,0970075214736";"170,652061160906";"47,6070457017063";"33,5854503082769";"1,28463827919294";"8,803976070955";"29,6298176560403";"31,251571524434";"0,514623523002511";"70,9423618047027";"0,813972304172852";"3,96652723285148"
"Granada";"1783,3853908364763";"16442,5814634115";"619,938693150559";"1103,60809009426";"2711,43554829528";"4185,8662126166";"7821,73291925481";"7283,67057741487";"9158,91088599664";"254,9831795333";"115,52961051466";"2304,03360578953";"53,9714231186899";"209,665736641475";"37,8338596748582";"126,027391282277";"38,9704852161981";"286,607337421712";"185,285946630902";"330,062102492106";"101,696679756399";"505,704502211788";"2635,3409332868";"375,994163248429";"14,2249284781722";"163,70428034145";"29,2934044092369";"71,8402974581258";"402,879490783476";"1801,14834268249";"196,742916473234";"114,524055431196";"32,9838019647329";"2651,91818395235";"698,857109957573";"488,219932061878";"18,1174639955251";"92,5734748023209";"377,936515231752";"490,289357949284";"8,14730923307128";"1151,7052958064";"13,8930586265746";"61,8752869535373"
"Navarra";"1872,074544542528";"12432,7653029795";"417,919249563321";"818,240974682127";"1886,34435842576";"2977,42252224565";"6332,83819806267";"5381,31944871414";"7051,44585426538";"187,149326016187";"82,1658804093336";"1763,68765979508";"40,4328241243796";"160,351000978493";"28,3814826832572";"94,7855022796757";"28,8961007352748";"218,323716997696";"138,741344980565";"249,443587790919";"71,9217142277411";"375,265421814479";"1914,67967622678";"277,861438629914";"10,7030732699272";"124,620561255379";"21,2026124448037";"52,905536326092";"303,50142726273";"1449,87074262159";"142,066094829992";"85,9832902926215";"25,4966137561544";"2042,27705949168";"521,50353087352";"366,706504710862";"13,5952875253518";"63,7580154103556";"268,300363238194";"357,300310930461";"6,07833709336071";"887,741211281555";"10,6874658479963";"46,380586827115"
"Córdoba";"1882,1156847068473";"14538,6661027139";"498,778599386904";"885,087421473636";"2321,57459883613";"3676,52811750074";"7156,69736551648";"6466,79440886865";"8071,87169384524";"220,220886023133";"97,704986978854";"2059,2003643148";"47,083950937112";"186,806427268488";"33,380293568376";"110,639362288999";"33,6240037215009";"255,050629279658";"161,776659562791";"289,773275408498";"84,3467756817325";"441,200620577762";"2300,83585494718";"326,489424020016";"12,442957797143";"146,039485727985";"24,8103567226526";"62,5034534802506";"353,83797189483";"1667,54859759849";"171,242507548312";"101,094176250815";"29,1002420780766";"2336,49888635024";"612,174122039858";"427,419926850709";"15,6756193979631";"74,8442101603869";"318,797465773686";"434,883661340351";"7,32748140129208";"1026,44018439253";"12,5423380155712";"55,308943313844"
"Burgos";"2200,108267657294";"7811,37439890384";"200,111071540762";"418,514300504182";"1074,27345156631";"1908,56710979441";"4209,90846549819";"3245,37311181273";"4566,00128709111";"110,200459878069";"45,5113829670773";"1130,82682909869";"25,2902437900362";"102,3254967333";"17,6381838459574";"59,2760152463353";"17,7410223028834";"138,605458544174";"87,6028292270788";"152,070462633092";"38,2013669905728";"227,751447690024";"1126,30900707824";"166,415861009384";"6,7220917112965";"79,475299225837";"12,2241017225859";"33,0592021780171";"185,54073310581";"981,005426054917";"82,9912167537126";"53,6524446507713";"16,4953206735374";"1335,27840766057";"327,142700642428";"227,392365978408";"8,25829746311634";"32,586224656246";"149,451957807714";"216,258677091814";"3,72196176737818";"579,254960224362";"6,84119619889376";"28,2557463015059"
"Sevilla";"1674,6382573607225";"32628,5345817383";"1313,40751369359";"2523,92478618987";"5642,7803844994";"8141,88295000667";"15006,5389473487";"14923,7591225629";"17704,7754591754";"523,296855413335";"245,325766178575";"4519,93493714566";"107,592360192788";"412,827597781877";"75,2185738979832";"250,977693076194";"78,6397180913058";"566,664145317101";"366,543461329425";"664,024550776204";"212,798162012215";"1022,9947678652";"5469,79473735754";"764,22231179473";"28,3252009804459";"322,314611796854";"60,3199883452817";"143,117421809804";"809,017661989977";"3360,36322907072";"407,983977601869";"229,159767301097";"63,7405658684764";"5137,74757923715";"1390,0137201602";"977,476352920301";"36,3257430864232";"194,232258930932";"795,805075194102";"998,548584704979";"16,6046402119439";"2222,18054019038";"27,4473344383794";"126,954689668804"
"Teruel";"2179,196661567426";"2929,29794444555";"80,032922776886";"144,528993671138";"398,109970409052";"694,401424892684";"1612,22463269579";"1181,93699513545";"1747,3609493101";"40,7345695394926";"16,4522121703193";"426,295644917734";"9,35749565936992";"38,4921335144792";"6,66313073347755";"22,0853954215601";"6,53361295193405";"52,0549932480114";"32,5621687503762";"57,4507608351509";"14,5955227682024";"84,5709238501523";"405,656930058724";"62,2345320471577";"2,46659542686353";"29,7598640251508";"4,57473904337158";"12,1040227166576";"70,1502416221432";"392,969394010903";"29,8593789890697";"19,7443614947572";"6,34402512376949";"497,523146534614";"120,413142194435";"84,7716443265799";"3,16718631215226";"12,7985178953321";"54,2932394360038";"77,7137386967898";"1,36649621104084";"220,632757997092";"2,54675156524458";"10,3586743574358"